<?xml version="1.0" encoding="UTF-8"?>
<FlexiPage xmlns="http://soap.sforce.com/2006/04/metadata">
    <flexiPageRegions>
        <itemInstances>
            <componentInstance>
                <componentName>taskManager</componentName>
                <identifier>c_taskManager</identifier>
            </componentInstance>
        </itemInstances>
        <name>main</name>
        <type>Region</type>
    </flexiPageRegions>
    <masterLabel>Sales home page</masterLabel>
    <template>
        <name>industries_common:homeTemplateOneRegion</name>
    </template>
    <type>HomePage</type>
</FlexiPage>
